asset_id,asset_type,timestamp,operational_cycles,vibration,temperature,pressure,load_factor,speed,acoustic_emission,oil_pressure,oil_temperature
BOGIE-001,train_bogie,2024-01-01 00:00:00,1,1.84602315788298,44.82671922540881,218.7399095822376,0.8703756473167426,180.6284140889391,22.803696386109078,187.22505269221088,70.46548003925747
BOGIE-001,train_bogie,2024-01-01 01:00:00,2,1.418752178669763,43.64189241123992,251.29557830842302,0.48287361866935824,105.79362417438796,24.354812437202632,172.29906568084198,88.18733400699656
BOGIE-001,train_bogie,2024-01-01 02:00:00,3,1.1439490269711443,57.283122890753894,200.28490581429244,0.7700939104968892,175.41026305731202,17.58051697293605,190.58876186385672,75.67594572962625
BOGIE-001,train_bogie,2024-01-01 03:00:00,4,1.7501020625174228,51.6685509998203,165.88835751564153,0.5611236346531415,199.18964195253002,20.924396800577775,155.48925372044667,71.17932766995513
BOGIE-001,train_bogie,2024-01-01 04:00:00,5,1.4479928756245408,68.84512207456225,236.6795393616061,0.8677563341824935,175.54833096911844,49.42419099819439,146.51257816377085,74.47061102844815
BOGIE-001,train_bogie,2024-01-01 05:00:00,6,1.2828006706496793,56.62954807201998,502.8397324299309,0.8382655976209146,122.02601990313843,29.775079006407154,131.04254871198182,81.07455844900511
BOGIE-001,train_bogie,2024-01-01 06:00:00,7,1.8972193220552747,50.405849187027435,174.59978580575986,0.7901253124143787,123.47257111235838,20.629575744001713,197.55624899740653,74.07530839105713
BOGIE-001,train_bogie,2024-01-01 07:00:00,8,1.79230236639318,45.648715519502446,197.61446458704538,0.7832605935169233,140.17551456373965,21.0509341669881,341.35607691763363,80.17180987712115
BOGIE-001,train_bogie,2024-01-01 08:00:00,9,1.7686404453204088,79.79131532464065,276.602181708791,0.8469411753165955,135.88598822044437,17.855533100690412,204.57099660240144,78.72053333939157
BOGIE-001,train_bogie,2024-01-01 09:00:00,10,1.6263071805656837,69.10292941241063,197.27113262699072,1.1194870266483143,118.93637062936794,57.244061879026304,168.37576052983925,77.27492248354214
BOGIE-001,train_bogie,2024-01-01 10:00:00,11,1.2809996510807715,48.707337639644194,284.77172034940213,0.5512617235673656,136.9117017124335,17.841739729463796,139.7118725014825,88.31284168962668
BOGIE-001,train_bogie,2024-01-01 11:00:00,12,1.8029224881624764,74.02412424265202,249.3739941000032,0.7607995659653822,118.355568567078,28.07251273140544,184.37057066404108,88.5898647178556
BOGIE-001,train_bogie,2024-01-01 12:00:00,13,1.450516082956549,49.86754141572084,187.74732021000617,0.8671732279087915,198.30058995212934,22.4060461286682,167.29841405739845,74.2419690376049
BOGIE-001,train_bogie,2024-01-01 13:00:00,14,1.851640332191657,53.95652249369795,242.04751779257262,0.8573927477364534,179.02156702131438,27.996079431618924,144.20483068275462,73.00575219891734
BOGIE-001,train_bogie,2024-01-01 14:00:00,15,1.8032006350337177,65.51613256399285,255.53072457630046,0.6330135874180537,188.289630159914,15.870766906687306,141.74967131812954,78.75228963750854
BOGIE-001,train_bogie,2024-01-01 15:00:00,16,0.9736191901198282,59.987947650897006,204.90152986899176,0.583314837532947,120.34570553984503,27.422561446824275,467.74122232382035,75.86256125566304
BOGIE-001,train_bogie,2024-01-01 16:00:00,17,1.7356433460633347,50.345018015037645,162.3315045495601,0.9458790818523993,156.52277078539862,28.87138328663129,196.04758105903838,84.88946878211598
BOGIE-001,train_bogie,2024-01-01 17:00:00,18,1.397133524274416,56.18687949376235,225.69266660887584,1.2657395157134546,129.88652505107976,17.621389387990813,133.08852988076046,85.9414481842845
BOGIE-001,train_bogie,2024-01-01 18:00:00,19,1.1918070160188503,42.1204827933347,297.06239671568744,0.7145805775329148,168.08454437452002,26.695746290443033,164.30059637266038,86.47922097078921
BOGIE-001,train_bogie,2024-01-01 19:00:00,20,1.2313465447893184,61.51929145345052,207.50205449674505,0.584191414531398,136.9244545983,22.289861507334617,181.79649757006408,176.182356200621
BOGIE-001,train_bogie,2024-01-01 20:00:00,21,1.137696201529468,58.27693502247249,199.46851812674524,0.6047201994989471,152.4142592065733,28.987378088620687,137.52572846009852,75.44017878858028
BOGIE-001,train_bogie,2024-01-01 21:00:00,22,1.118661332161245,72.51707760824715,217.34487603881766,0.6614451172368621,149.4811218678047,20.93644396317487,192.5284946641167,77.58513073851108
BOGIE-001,train_bogie,2024-01-01 22:00:00,23,1.965603113750296,61.98338584065664,179.03985670477053,0.6011819017417204,107.66205212838771,23.48813224374061,171.0573097915278,89.07496563902286
BOGIE-001,train_bogie,2024-01-01 23:00:00,24,1.90671090471555,40.072537837504846,249.2989914624544,0.6320321101807972,120.76071906761919,17.118787862799746,169.4790978610363,81.7608118049017
BOGIE-001,train_bogie,2024-01-02 00:00:00,25,0.9972509712100067,47.659759199997644,277.4727119478172,0.6008666523465878,101.11651145565213,26.80590185889934,147.30525207437117,83.22330685386238
BOGIE-001,train_bogie,2024-01-02 01:00:00,26,1.0778770849704153,42.95478219130415,181.80407980370003,0.6858603384618425,113.89033102302628,28.159690533391252,177.19559013386342,76.03846930387697
BOGIE-001,train_bogie,2024-01-02 02:00:00,27,1.6234559203368943,52.02558087623923,262.91407195403036,0.8396205878446565,177.7174888997546,26.085996360889794,148.78418923484418,87.70817825763368
BOGIE-001,train_bogie,2024-01-02 03:00:00,28,1.975188247301007,68.55625116390266,171.52255019122603,0.6991450064612402,122.73431156816723,27.452334882552098,143.96624261923677,85.2028216935746
BOGIE-001,train_bogie,2024-01-02 04:00:00,29,1.844450093268546,76.79569908166205,229.52294615273541,0.5831721574361836,131.8415638203895,18.355359883068743,154.52912432822848,76.49659508086943
BOGIE-001,train_bogie,2024-01-02 05:00:00,30,1.836210212269248,65.66962950374712,211.38249645763253,0.6234084679328146,179.33816586959324,17.682716503483142,187.22205592048203,90.57506834609394
BOGIE-001,train_bogie,2024-01-02 06:00:00,31,1.1562579792208676,71.10880199104423,297.90165344646715,0.6756030060925273,112.69227076038571,23.37950281662167,197.57051131675337,76.63059103695998
BOGIE-001,train_bogie,2024-01-02 07:00:00,32,1.8748661360815566,66.80291639851522,242.43349575442014,0.8704486089151329,176.548804273214,22.413568692728745,148.59605446037415,90.27678604301394
BOGIE-001,train_bogie,2024-01-02 08:00:00,33,1.7986611449771284,50.80881003907898,201.66052795490245,0.6165138243534746,144.74064286648016,24.501932468711086,144.55867853177108,166.55885750961886
BOGIE-001,train_bogie,2024-01-02 09:00:00,34,1.1678577725434751,77.7231123418835,395.69370669325184,0.5143053159849844,153.69886721664793,24.086938498682752,154.56008253339004,86.83862254307765
BOGIE-001,train_bogie,2024-01-02 10:00:00,35,1.3624601181530736,60.8280490263466,233.17800257561166,0.5659809924983165,186.0541023317493,61.14091361838689,196.95659749334172,90.55662394315246
BOGIE-001,train_bogie,2024-01-02 11:00:00,36,1.7855947131479577,42.337777511077356,195.21872784961667,0.6406045631704947,104.13840987346823,27.14136405559072,162.2470269530285,90.29385407384154
BOGIE-001,train_bogie,2024-01-02 12:00:00,37,1.2383808482206922,48.43777839375594,246.1628514157118,0.5914394202214656,174.598578276283,22.303710469481736,189.16710082133528,87.49221651688366
BOGIE-001,train_bogie,2024-01-02 13:00:00,38,1.4792120220284235,72.39607626069467,275.0615730285063,0.6410821556140351,100.1735896760391,29.64171063559134,159.57888852504797,81.39964269622867
BOGIE-001,train_bogie,2024-01-02 14:00:00,39,1.1281770716164106,52.73145960533854,204.54602199653343,0.5240098634908376,107.7270748364605,22.563188876939424,171.91546874680952,75.71882147577627
BOGIE-001,train_bogie,2024-01-02 15:00:00,40,1.8316458163406244,44.69620023082159,222.30803585197572,0.8793590191131886,187.07598432222545,18.895432989029675,140.83576716599157,86.55122446980675
BOGIE-001,train_bogie,2024-01-02 16:00:00,41,1.0669511728046381,46.27121730356413,251.0424588134966,0.580030271976212,137.21977652495883,23.83947615818711,154.40230670610308,74.1114863358235
BOGIE-001,train_bogie,2024-01-02 17:00:00,42,1.7588442110269118,63.951567023163456,433.2733751874565,0.8238484135890816,181.36512175571306,28.77589421561458,140.15363661363924,86.06990375730065
BOGIE-001,train_bogie,2024-01-02 18:00:00,43,1.4849749775214292,71.16071820929133,161.13495680792835,0.7247753161727424,109.7395878647151,18.677453595475292,191.44856974324588,78.17041777982521
BOGIE-001,train_bogie,2024-01-02 19:00:00,44,1.3275499062435692,83.09381367836583,237.23989920503888,0.5599390459486612,111.11947277287734,20.882627601098537,181.1888432477611,85.59385387658378
BOGIE-001,train_bogie,2024-01-02 20:00:00,45,1.2273635641138214,54.09685898544174,176.11440610983908,0.5469890287225265,159.1275458702748,19.370496877396143,161.23766424194457,86.15528484233343
BOGIE-001,train_bogie,2024-01-02 21:00:00,46,1.1330798361635834,60.74804767202319,245.10687341472416,0.5239389581626798,143.10228363590497,26.799157939913442,147.4408721134157,89.9502161514092
BOGIE-001,train_bogie,2024-01-02 22:00:00,47,1.4432176840778042,51.68761706325042,250.82106359509984,0.888865136744668,110.1354180649192,23.26600404305427,149.35794619247966,79.28424204929237
BOGIE-001,train_bogie,2024-01-02 23:00:00,48,1.7071050302337911,46.61533528738394,216.1145640388876,0.5299912943182097,193.27666192976264,21.04825173757933,141.80505658640632,70.36078132614293
BOGIE-001,train_bogie,2024-01-03 00:00:00,49,1.0835030998175408,70.35642088857102,275.891249350986,0.7291423964382086,180.14759552901327,18.395270375725236,160.5671998834553,79.25521742158429
BOGIE-001,train_bogie,2024-01-03 01:00:00,50,1.870198545742254,76.60172732736596,249.71326084770502,0.5614219934786091,176.67149141658317,18.32776304175034,200.29252378290582,78.14301559481555
BOGIE-001,train_bogie,2024-01-03 02:00:00,51,1.5201033716604915,57.78402255847983,253.16971484070822,1.0906318903295351,183.84298457489945,21.808340928626578,141.588843337821,83.28088964318844
BOGIE-001,train_bogie,2024-01-03 03:00:00,52,1.9693248927481815,58.266427949783306,279.25136002804123,0.8608129119219476,202.69571067792594,26.66284539284567,159.32665368160832,81.45802939616296
BOGIE-001,train_bogie,2024-01-03 04:00:00,53,2.0113312377416417,44.183017800965985,293.10257047577943,0.6879740621223918,194.78181763494698,26.600420275999618,277.99995631201824,134.5091658296338
BOGIE-001,train_bogie,2024-01-03 05:00:00,54,1.4017475808531235,78.32101372117162,240.58708233703945,0.6347355317733729,165.3580981917053,27.98980687981678,191.05383422766968,88.87881149075675
BOGIE-001,train_bogie,2024-01-03 06:00:00,55,1.575214366433391,79.67599032666732,289.069600004949,0.9065484210689183,157.71828652748238,21.82767358229661,167.08838795609734,87.96654993691111
BOGIE-001,train_bogie,2024-01-03 07:00:00,56,1.7095988700666767,39.65317522816414,239.1634660157474,0.8246103010805513,150.03387760593301,20.30946910484543,160.91287429292865,74.91389896183881
BOGIE-001,train_bogie,2024-01-03 08:00:00,57,1.653383534631812,59.70534241592353,237.375349480995,0.5611888338880413,184.52780145138243,28.492981879652053,203.02274532554745,187.00361118994422
BOGIE-001,train_bogie,2024-01-03 09:00:00,58,1.38780677476942,37.26109410103921,296.57598694715995,0.6908896231106669,150.52324000339777,19.775626467114773,173.39870122856922,88.46326206845264
BOGIE-001,train_bogie,2024-01-03 10:00:00,59,1.8851285249059184,51.63026161229162,304.0468096232925,0.7209799527685659,127.94665318047306,20.506709650143797,202.28475536542138,72.99507932060041
BOGIE-001,train_bogie,2024-01-03 11:00:00,60,1.76844447600848,65.0560302393905,266.51435848677755,0.5679035694993312,172.38600554785265,23.19396829179059,145.23227946151195,78.73276861850742
BOGIE-001,train_bogie,2024-01-03 12:00:00,61,1.5178992911446816,46.55418511238438,269.6548555224094,1.5137511046979253,131.88855152969273,19.481804195561494,163.60188219259072,79.57491222304523
BOGIE-001,train_bogie,2024-01-03 13:00:00,62,1.8439853769309495,71.86748999653956,194.97041120852813,0.7439914865856518,126.54314174840967,17.18820198277477,146.07425423285414,78.91965635151244
BOGIE-001,train_bogie,2024-01-03 14:00:00,63,1.0291734052795656,96.10230165603232,172.1115146938212,0.4841792425924371,111.78066799916965,19.423420779602406,201.37587028256038,81.54200569462753
BOGIE-001,train_bogie,2024-01-03 15:00:00,64,1.1988770694368405,44.45902738156981,377.8941315136375,0.88121050916232,118.76353375016062,22.397050529916516,177.6801840910459,128.29604298586113
BOGIE-001,train_bogie,2024-01-03 16:00:00,65,1.9546680203763673,69.30436279457,227.31936388535615,0.8944101165829083,146.30908325433873,29.33706244166808,177.94705433333203,75.42222915297175
BOGIE-001,train_bogie,2024-01-03 17:00:00,66,1.718937513486762,49.8655006163133,190.20604480346864,0.5642436457502181,141.49522478363676,29.321189355770912,172.39410493798536,90.6878990675887
BOGIE-001,train_bogie,2024-01-03 18:00:00,67,1.342508492849023,55.81444188725007,207.64837089741866,0.8178330141590406,221.35272029153262,20.459940869691795,159.8503371619607,73.1526506549708
BOGIE-001,train_bogie,2024-01-03 19:00:00,68,1.7903894231824105,68.26226861749961,177.73547237543306,0.7197148385319098,128.9510607091197,18.67095230736089,141.24847911071416,168.61595766955944
BOGIE-001,train_bogie,2024-01-03 20:00:00,69,1.83515972075433,52.331017271846754,169.08988212671085,0.6091559772244923,108.37752255811797,16.69633823540894,194.5543623311975,87.95528789624063
BOGIE-001,train_bogie,2024-01-03 21:00:00,70,1.0683902295018846,61.64336203603321,229.30255898516197,0.9070222043748105,182.50772393022316,18.846538736864893,192.5258521148513,72.55048332368037
BOGIE-001,train_bogie,2024-01-03 22:00:00,71,1.822648894598194,45.202977847153846,281.4481832414636,0.8760045787663192,124.17875468694749,24.514359443886725,177.19516747197255,77.68997703194624
BOGIE-001,train_bogie,2024-01-03 23:00:00,72,1.94033111261356,79.09059154910658,178.39264709753917,0.8566179083911932,173.07044093383755,25.573337877990955,152.39399366076117,71.31123132398712
BOGIE-001,train_bogie,2024-01-04 00:00:00,73,1.2673733447589257,52.09051651935434,394.61815306369556,0.6645043807339328,142.18359973167017,18.21211947915255,170.02963089995063,85.47584862119395
BOGIE-001,train_bogie,2024-01-04 01:00:00,74,1.8876906291446296,63.027768919593605,222.88087987390523,1.1778950704642617,109.86513457855679,23.627704221681316,165.56061654372033,69.29512848967573
BOGIE-001,train_bogie,2024-01-04 02:00:00,75,0.9821006705208635,62.35733171619131,284.18990342623056,0.6136868860579924,111.20496000065543,26.579905565854926,170.50658846653948,71.3854958254443
BOGIE-001,train_bogie,2024-01-04 03:00:00,76,1.9678499969841525,42.57058987406991,289.266799342712,0.7169474852854754,103.17180247201422,35.280915982215255,171.486004015248,84.19135107412532
BOGIE-001,train_bogie,2024-01-04 04:00:00,77,1.9268615464162941,58.94651665551426,221.06589135489432,0.5754826726282075,126.350384064508,30.986130525843066,192.5312931421513,89.35621512009898
BOGIE-001,train_bogie,2024-01-04 05:00:00,78,1.936937983520974,46.69628014717991,232.76038811883214,0.8971697531857996,196.34105335263607,22.96303401892142,190.7841746726719,78.70271218663123
BOGIE-001,train_bogie,2024-01-04 06:00:00,79,1.6588151612858442,50.064779054914084,252.39451076654035,0.5145916987714942,152.25334769796822,22.74747175900404,189.32652132449138,80.58895821543837
BOGIE-001,train_bogie,2024-01-04 07:00:00,80,2.018110766606929,45.74516278128436,186.3978619799159,0.517153470171767,200.18711066719823,21.074978484338374,330.73679013094744,74.67403761214824
BOGIE-001,train_bogie,2024-01-04 08:00:00,81,1.3096150968639544,69.5950833107369,169.3602225231255,0.745845529393346,109.11960995872954,21.43375618039561,160.78355882235542,74.0244309024155
BOGIE-001,train_bogie,2024-01-04 09:00:00,82,1.6494860848532626,89.96307191665026,295.5084628966532,0.6173770440606859,116.11168045121272,26.328289715385814,177.7148564655516,88.4957321956064
BOGIE-001,train_bogie,2024-01-04 10:00:00,83,1.4446998736341774,197.52345459292593,520.4146730188548,0.6312338669082594,127.0807693097306,17.740904372883023,174.68845364574736,80.96247910018603
BOGIE-001,train_bogie,2024-01-04 11:00:00,84,1.0850140523185388,76.61520033598718,259.1691558110317,0.7039123891860655,191.1873886093978,28.352819052072487,158.9033778893241,72.97076280502769
BOGIE-001,train_bogie,2024-01-04 12:00:00,85,1.4217929553015902,59.03047773687621,219.88566931803763,0.5168301189649925,180.3251643667112,28.617725014740675,136.0734151769674,74.00858275651773
BOGIE-001,train_bogie,2024-01-04 13:00:00,86,1.619088202166482,69.22323405857716,285.01360042872415,0.5623660530780704,185.0670602748623,30.1574957977986,177.5824859074147,72.46180529171218
BOGIE-001,train_bogie,2024-01-04 14:00:00,87,1.0765624297673457,78.06178460251176,231.7685036853405,0.6994798387252695,123.619111739365,18.201334985106417,204.29295869337338,81.89619352012113
BOGIE-001,train_bogie,2024-01-04 15:00:00,88,1.54133456313759,51.99127205602643,300.83785057831005,0.7363786237358042,151.13698130863693,26.8860836031375,134.11250537970136,86.86206376370201
BOGIE-001,train_bogie,2024-01-04 16:00:00,89,2.004059460262283,70.85787945295387,281.0784389885182,0.8726336656873539,150.27888378990772,26.040657592974046,155.56004834484625,83.45056182032276
BOGIE-001,train_bogie,2024-01-04 17:00:00,90,2.039145447834029,47.881724914187075,266.3029420045903,0.7575282497987227,344.32128150076727,17.444314734359192,173.3812661838958,84.56374479502351
BOGIE-001,train_bogie,2024-01-04 18:00:00,91,1.6190055363822935,69.84033170787798,274.8089669822254,0.808945829842452,111.43394174185397,20.043076886266267,162.00056435362742,80.49090452996333
BOGIE-001,train_bogie,2024-01-04 19:00:00,92,1.3935584746795107,79.1559929464855,223.11190083970905,0.7199525636313903,133.15116189498423,24.819765764258207,189.89339569272414,89.91814843557229
BOGIE-001,train_bogie,2024-01-04 20:00:00,93,1.8167561756966562,54.03614126242653,299.7729140812759,0.5446755026836136,141.57459413070217,20.924149529703044,187.1967284182972,81.23516209665587
BOGIE-001,train_bogie,2024-01-04 21:00:00,94,1.1867837044172551,62.23819626703128,176.2764336656498,0.6614308372543378,319.3918628343932,23.092918454432187,137.144346135094,83.34059536236273
BOGIE-001,train_bogie,2024-01-04 22:00:00,95,1.0597647419082492,71.93110216982365,184.02354481281654,0.4951399573025174,140.57427219693554,17.258098346259672,196.48715244739077,83.66913703339198
BOGIE-001,train_bogie,2024-01-04 23:00:00,96,1.1141101073803157,95.2281463069733,255.5635012396924,1.7001542748699803,157.05825140806596,23.35897788883444,166.51931342503406,71.74399366619357
BOGIE-001,train_bogie,2024-01-05 00:00:00,97,1.9031629315242342,89.77430603541283,302.21026626864517,0.7264651529979533,101.39299679090742,18.250621959042494,148.0960643000346,73.26306215675557
BOGIE-001,train_bogie,2024-01-05 01:00:00,98,1.8642500640416577,52.434187800288186,204.96475347806546,0.6492430734095861,134.21774974617205,22.228888098441118,197.1189614698087,83.99620767525337
BOGIE-001,train_bogie,2024-01-05 02:00:00,99,1.3851598307772748,49.118325149988685,253.49660710089657,0.6916728536629602,158.57851697034206,26.983074751959933,175.1299778246805,82.88013305089432
BOGIE-001,train_bogie,2024-01-05 03:00:00,100,1.378374601797662,39.6203312500914,192.54367144436546,0.6089746375607935,158.49350162449926,27.336756504649582,180.75521937752237,86.72436059365859
BOGIE-001,train_bogie,2024-01-05 04:00:00,101,1.5628858913834698,48.79844892121916,304.3598613100698,0.5604453859348051,168.5367595421479,27.265444761514225,200.77875851800394,77.39794062536193
BOGIE-001,train_bogie,2024-01-05 05:00:00,102,2.0299327730679058,49.669355152272104,287.6602346236042,0.8399421630787519,156.8484352393663,35.706600177474044,171.76917808857965,84.11064296839929
BOGIE-001,train_bogie,2024-01-05 06:00:00,103,1.0474503381175109,61.59359417052097,277.7590772636835,0.7351807947965446,167.90845366570693,27.312865231615227,201.76944873653156,82.50005371698711
BOGIE-001,train_bogie,2024-01-05 07:00:00,104,1.7582328181640654,73.65865321893784,296.3893295101772,0.539327517497513,107.0345244403696,29.748545218658755,168.14212081676135,77.91082099029927
BOGIE-001,train_bogie,2024-01-05 08:00:00,105,1.9230166113568619,73.25628812288538,208.94053747030225,0.8596441447623424,101.61125078441138,26.873275424657628,169.7591099158085,84.93743886101134
BOGIE-001,train_bogie,2024-01-05 09:00:00,106,1.9303575836883615,54.33321335208346,275.8284562548391,0.82022154121859,313.04535482861957,25.83860816736264,165.33655495300923,76.93582922887568
BOGIE-001,train_bogie,2024-01-05 10:00:00,107,1.5151932230740008,78.51573691068752,215.28138756949957,0.5408459461067227,156.15512155821105,22.624780183380995,195.77108884379768,73.04714161610868
BOGIE-001,train_bogie,2024-01-05 11:00:00,108,1.55658214432392,80.25108638589653,278.300457999759,0.6014765166344728,130.94548987086847,21.2534824098351,149.6413674903773,82.47792750449507
BOGIE-001,train_bogie,2024-01-05 12:00:00,109,1.5187589458325141,56.66197247907865,174.95709894290567,0.5233360307420809,155.1467989116146,22.467078425948678,167.82319378417122,77.4190208401529
BOGIE-001,train_bogie,2024-01-05 13:00:00,110,1.5988019057350964,67.44190087086683,181.8722215648921,0.8801092637243919,112.2788904004286,22.86017873313249,164.63804059601804,74.06561589717927
BOGIE-001,train_bogie,2024-01-05 14:00:00,111,1.8556481725298277,73.54008633721232,190.41752741011766,0.6730316486949718,159.3736624682509,30.782772065811987,172.57134909693812,76.73068934606692
BOGIE-001,train_bogie,2024-01-05 15:00:00,112,1.8679815700430842,76.87233461867967,182.0946994476892,0.8142619019998519,206.1666241249249,29.283719605248063,201.73863071667577,75.18757331734253
BOGIE-001,train_bogie,2024-01-05 16:00:00,113,1.6237572075632276,51.396171004055724,196.4620694303988,0.6061406654636607,125.35803506681724,29.462669161570126,161.26537328653126,82.06653835994462
BOGIE-001,train_bogie,2024-01-05 17:00:00,114,1.0073415288080236,142.30876069144134,259.7940439247389,0.6174683115088843,149.32722062183686,26.546957112871738,154.51708426195506,70.19707796617271
BOGIE-001,train_bogie,2024-01-05 18:00:00,115,1.4840112994099994,47.154880427615126,206.67511412229507,0.9241764546717262,183.92057230296626,21.17826488660224,156.28112043899418,84.04663865480283
BOGIE-001,train_bogie,2024-01-05 19:00:00,116,1.9397467930812382,81.2400029617736,294.2776070737467,0.6659013280728103,149.60925619794133,19.102360480442204,153.9279967998571,82.33965716972352
BOGIE-001,train_bogie,2024-01-05 20:00:00,117,2.0293641321596474,49.33201244623798,206.06689556713297,0.7500505795562833,115.40072938554596,31.015744572253876,151.14696953134933,75.88724560049776
BOGIE-001,train_bogie,2024-01-05 21:00:00,118,1.2545837815615763,74.54303327172913,240.47953928022557,0.7962371567824591,237.93854175787214,23.30012519565482,205.67337238794053,91.41047907544238
BOGIE-001,train_bogie,2024-01-05 22:00:00,119,1.4069563823938436,60.20855592366653,231.893422065418,0.7047381285217764,126.43953805306874,17.91372269351772,203.08546753249578,85.11031048058905
BOGIE-001,train_bogie,2024-01-05 23:00:00,120,2.059156769552944,45.39077628194895,226.89515754934143,0.49766077935506453,181.3805933407257,24.885948888434935,153.98861695953872,83.39658605468762
BOGIE-001,train_bogie,2024-01-06 00:00:00,121,1.2079545129692622,75.34269881996067,238.93907223766718,0.5050449494148971,204.27230027433555,18.06090868432189,182.74461292789726,89.14432089806154
BOGIE-001,train_bogie,2024-01-06 01:00:00,122,1.6827169253726453,78.38288046546981,203.51304430329614,0.9310122375511272,110.73280040389186,23.53666042767814,200.47492844635366,75.7858985598385
BOGIE-001,train_bogie,2024-01-06 02:00:00,123,1.4032887471352213,63.174021896104904,292.79452465333213,0.758985475128298,159.43714938968662,20.614625651565945,197.6728577438029,81.57313013716649
BOGIE-001,train_bogie,2024-01-06 03:00:00,124,1.400030226449994,64.05110172613239,283.35010903630166,0.7354642162558511,168.89423514376583,19.649369202103784,135.63440814492122,75.71593638660795
BOGIE-001,train_bogie,2024-01-06 04:00:00,125,1.657014609112805,56.02946273102392,249.3263894714142,0.832588487859041,110.45079464888765,23.47520445691498,195.69692482272498,80.33006210640002
BOGIE-001,train_bogie,2024-01-06 05:00:00,126,1.4427732335730148,58.11735546893779,314.3565660848643,0.7481804675844788,137.6737760624144,17.74955014113586,192.59209663933092,78.73431662864547
BOGIE-001,train_bogie,2024-01-06 06:00:00,127,1.825962406606943,53.40608278140265,205.07967260068887,0.9299509375896697,141.75129321277274,17.30255864686034,183.3348892124999,71.47166639886598
BOGIE-001,train_bogie,2024-01-06 07:00:00,128,1.7404850611981642,61.00188287354083,292.022386628244,0.8543535497752063,276.9576053248524,22.530153392840568,143.47534672815934,75.44351321949377
BOGIE-001,train_bogie,2024-01-06 08:00:00,129,2.6610590900548012,55.189470314263694,274.1474732822982,0.5943905474518413,189.3126828158319,26.526112423436388,169.83175946472133,88.92730585558392
BOGIE-001,train_bogie,2024-01-06 09:00:00,130,1.822408665961748,69.58574875977774,298.21427269735034,0.8038053124812891,171.25171891173846,29.45686957903147,423.3605127670882,74.7247895032749
BOGIE-001,train_bogie,2024-01-06 10:00:00,131,1.5161709874632998,40.030888577838994,298.7242882408179,0.7085202786818746,122.91357684273599,24.267219444850905,182.71920468831536,86.17686165697646
BOGIE-001,train_bogie,2024-01-06 11:00:00,132,3.95049640917974,61.25514745089434,192.02359812522232,0.9874303803552115,148.6689410853889,23.92321221505908,174.14735227259936,91.22593197624562
BOGIE-001,train_bogie,2024-01-06 12:00:00,133,1.9721158114526247,42.89447457062999,202.2910651610138,0.8807030109826771,197.58268902384168,27.798616770727136,141.63462537674343,91.03365275944462
BOGIE-001,train_bogie,2024-01-06 13:00:00,134,2.047725241848139,111.49924032246169,301.3721699198633,0.7602060117242485,200.12097939316268,30.52735842628235,150.7509942604071,85.8216972872201
BOGIE-001,train_bogie,2024-01-06 14:00:00,135,1.6381424839812153,58.88861283181584,258.30519533623124,0.743799193241319,132.14996171893003,27.958949451827852,197.18006249027613,173.69116717521672
BOGIE-001,train_bogie,2024-01-06 15:00:00,136,1.669215057092145,47.07410128569242,194.99803937255956,0.8848410236951613,172.04641931762373,29.599776268775052,175.92418066245668,80.64941845336321
BOGIE-001,train_bogie,2024-01-06 16:00:00,137,1.3110624917982636,78.8101120036983,212.13356740348704,0.6368479606539751,169.4205834240768,19.01441890413261,161.83005776479067,82.93026915289754
BOGIE-001,train_bogie,2024-01-06 17:00:00,138,1.6422217703237945,71.73352825215007,192.84284444458217,0.6904917535359738,205.729443003772,28.51468144052547,200.39738984210862,80.28891217847416
BOGIE-001,train_bogie,2024-01-06 18:00:00,139,2.151314729482578,80.65046482959224,197.6497864537651,0.6341400235387082,105.66914967262694,59.784432474791416,144.50627887160925,145.2749478230746
BOGIE-001,train_bogie,2024-01-06 19:00:00,140,1.9720163965150683,81.27732038249559,277.23384944718174,0.5990260282618987,207.94207407571096,23.574886550463262,183.81511415005676,83.29203614001904
BOGIE-001,train_bogie,2024-01-06 20:00:00,141,1.2618604359447598,72.53627954827817,215.0584501378341,0.6111075663859119,109.90817834547883,25.042675016143466,166.12848738618032,89.90108056511873
BOGIE-001,train_bogie,2024-01-06 21:00:00,142,2.6282846384249314,43.96304639828542,192.08282449328357,0.8597984685870868,189.71760950346405,24.920295080762003,192.6761771731472,69.77712514333503
BOGIE-001,train_bogie,2024-01-06 22:00:00,143,2.007144938094981,65.34723178090859,197.99514876513308,0.8108933386527868,185.5135739471395,47.42813473857488,149.91487849890802,90.0945239051005
BOGIE-001,train_bogie,2024-01-06 23:00:00,144,1.1194036658723663,65.83927955351501,220.56649501443113,0.5648858857153294,152.0374040276227,26.82841374614108,178.15779597469913,78.9295150231214
BOGIE-001,train_bogie,2024-01-07 00:00:00,145,2.5057914528097647,45.62115864833205,270.4040797810759,0.515309451767872,157.82732876767622,24.772213223077678,300.0516530155558,83.9107316035484
BOGIE-001,train_bogie,2024-01-07 01:00:00,146,1.8282728560124166,45.42400027168763,246.98902964866747,0.5478919940361999,115.53431340081839,27.37269728854858,187.83824718524386,79.622597626579
BOGIE-001,train_bogie,2024-01-07 02:00:00,147,1.5070857190663398,76.49550570240018,225.9018093641473,0.5557899638274396,111.24010817506135,71.29430188850012,174.53971307529002,88.04414382551084
BOGIE-001,train_bogie,2024-01-07 03:00:00,148,1.1067610601663158,74.5626462415288,282.06231055980675,0.5166306888416733,122.47381024131639,23.524139409418805,194.63893844397316,148.24547349712154
BOGIE-001,train_bogie,2024-01-07 04:00:00,149,1.32179700256366,78.56059458048381,274.25320498003316,0.511084651767292,183.25459192521672,30.259925556558127,204.08712507421876,91.95414426164037
BOGIE-001,train_bogie,2024-01-07 05:00:00,150,1.8306655712771174,48.02625837868434,196.77984533872564,0.571733027112895,164.6464451552049,26.34440697649548,203.83361464350554,85.55458004395928
BOGIE-001,train_bogie,2024-01-07 06:00:00,151,1.2652763532797058,47.76572118803263,165.7238160928285,0.6782782412672953,214.59450681646675,22.360706403847832,138.98946447396546,82.82916419876653
BOGIE-001,train_bogie,2024-01-07 07:00:00,152,1.15158082372217,74.02456300307017,162.10061601149147,0.9048867813758935,135.2846779816432,22.93410204760678,203.26764679505604,86.39799996199027
BOGIE-001,train_bogie,2024-01-07 08:00:00,153,1.5553907253170385,78.98136342389616,184.17996648455033,1.5349574903306253,100.58368350432136,19.546203138837964,193.97362302242018,78.69720390958183
BOGIE-001,train_bogie,2024-01-07 09:00:00,154,3.4229375249543517,80.62461440889523,189.34778557636702,0.6770309575706275,158.24211233620406,24.856926437537822,145.40317036242837,86.58405805876104
BOGIE-001,train_bogie,2024-01-07 10:00:00,155,1.365238682302617,81.0330084277837,221.64515504834887,0.8656422329400097,197.50792044004422,29.53032435775697,186.98047476023535,85.6792887346213
BOGIE-001,train_bogie,2024-01-07 11:00:00,156,1.210589692317313,71.83190514921613,252.7558776196852,0.7241573227929994,109.09152140638756,26.968449310927355,176.54201608921238,80.38805133621621
BOGIE-001,train_bogie,2024-01-07 12:00:00,157,1.5500212792138528,74.30990928825997,211.748380299746,0.5675908878311596,116.24582431561684,20.479135053032643,192.75634891915846,78.78004932167026
BOGIE-001,train_bogie,2024-01-07 13:00:00,158,1.5061445829372293,56.19548748050364,183.63522758519187,0.8548210979585791,150.049800011848,27.443381489115914,131.29630753264357,87.31387811104783
BOGIE-001,train_bogie,2024-01-07 14:00:00,159,1.3811069259238742,71.21765619732079,188.3893332309516,0.656875600960084,97.62061358751421,23.404861693778983,198.43282555865824,88.59006258844839
BOGIE-001,train_bogie,2024-01-07 15:00:00,160,1.9531284227530703,67.68347552273755,243.62856335810363,0.491261630115941,104.21061763759414,17.852112908865426,164.68160350472303,92.05640846923822
BOGIE-001,train_bogie,2024-01-07 16:00:00,161,1.2617912152214612,46.07716843560281,258.53459539867174,0.9703814722332355,172.2404120616744,20.31852183549744,164.53593284995415,76.0904383001249
BOGIE-001,train_bogie,2024-01-07 17:00:00,162,1.9956648642257169,72.74218267114719,238.19252124567177,0.6685219305329468,260.5440781838799,30.76271774273201,160.7496372367156,80.5311772078934
BOGIE-001,train_bogie,2024-01-07 18:00:00,163,1.9955052128203938,50.73184029757152,174.94945992998032,0.7649552266257004,159.74912394287196,25.461976933354183,176.8732890224847,77.50531395565694
BOGIE-001,train_bogie,2024-01-07 19:00:00,164,1.7441953632922984,43.988851918060284,222.9904600420715,0.8573447468040573,192.32221844003936,30.4974182348001,201.7795896490156,79.8352990296146
BOGIE-001,train_bogie,2024-01-07 20:00:00,165,1.9821425732589282,66.17213917822727,304.1470907288314,1.1059835125102968,129.76168808027947,16.868179233118536,157.88173843727074,73.55254369872885
BOGIE-001,train_bogie,2024-01-07 21:00:00,166,1.5298307915438878,119.33717864903161,266.09208444522295,0.5828116200323833,114.70783358964877,30.01904504498121,176.857912855413,89.16990571872732
BOGIE-001,train_bogie,2024-01-07 22:00:00,167,1.9258644150010735,71.9306189220159,252.34104549716324,0.594061148950111,149.61897709553926,26.096014857471104,292.5676189230064,87.06701135423125
BOGIE-001,train_bogie,2024-01-07 23:00:00,168,1.374838619086797,79.14647839914561,251.80626368564617,0.7575550120086902,122.19552459411774,24.582599152165034,151.99652040870626,77.26536183841955
BOGIE-001,train_bogie,2024-01-08 00:00:00,169,1.8420730908018692,58.02038838087143,206.83941478734144,0.8880928089228025,146.3566706913584,28.564176324203924,393.0158087590738,84.29678244442506
BOGIE-001,train_bogie,2024-01-08 01:00:00,170,1.0500572679489837,60.6040551729686,247.77035343845736,0.6437164130040147,120.27891145628249,18.48908935833538,143.35980863696074,78.64834209626866
BOGIE-001,train_bogie,2024-01-08 02:00:00,171,1.0469522955908124,82.48892914289009,667.9770438796097,0.902483408627343,141.01556340200915,26.70186930844095,145.98169713878625,83.72337186928868
BOGIE-001,train_bogie,2024-01-08 03:00:00,172,1.9681161588877831,78.74591382341123,275.01843278473893,0.830375394225525,205.46863848181277,17.760875936316527,167.5250208008388,84.0101709153983
BOGIE-001,train_bogie,2024-01-08 04:00:00,173,2.0228921309890127,79.79951894882885,304.5199037564631,0.8469751888284631,143.2023746871276,26.52792008061403,201.0238014035504,81.52217401629385
BOGIE-001,train_bogie,2024-01-08 05:00:00,174,1.4837450624649289,54.49981457477278,276.4432127437542,0.7433887666522209,152.82544323423787,24.07026558162088,145.43277921859146,77.8595775316424
BOGIE-001,train_bogie,2024-01-08 06:00:00,175,1.021518169527537,54.62525180824053,614.3331422949755,0.6769130363274815,294.2260905430167,24.40188388951669,157.91513032232137,73.16718767199986
BOGIE-001,train_bogie,2024-01-08 07:00:00,176,1.2251700956034657,46.71053054041067,216.0467659984204,0.5808340689727907,192.30696955921363,22.69844108725625,190.0860007734252,81.113881499276
BOGIE-001,train_bogie,2024-01-08 08:00:00,177,1.873590912680914,74.84721484692385,265.618344048105,0.65890444550385,104.7484027837179,20.81985809284415,194.50556509172398,84.91111947459015
BOGIE-001,train_bogie,2024-01-08 09:00:00,178,0.9476352415070601,41.591541987882074,293.14252431250134,0.899156953173755,132.6014546729692,24.675019525487823,161.39391826111543,83.64466016216879
BOGIE-001,train_bogie,2024-01-08 10:00:00,179,1.1079556359026055,69.04813151454631,234.8184042042825,0.6342543037924626,141.4959499095917,27.539568965318157,185.47769161078455,207.3539828611723
BOGIE-001,train_bogie,2024-01-08 11:00:00,180,3.343153877589797,53.945335417475754,647.8313032458649,0.7177424966315223,133.70054400341576,22.099486896970387,153.35644424199828,78.85701658263237
BOGIE-001,train_bogie,2024-01-08 12:00:00,181,1.0695056282207533,53.004875190726736,255.4148104743455,0.5922507810025128,350.9834933602464,30.634051591150904,201.48917660379135,84.09555546903161
BOGIE-001,train_bogie,2024-01-08 13:00:00,182,1.5721850789845666,50.661595291050936,224.25098477405578,0.5763775048832063,155.27678610376685,69.75334829042654,241.17227240249002,81.92884550821206
BOGIE-001,train_bogie,2024-01-08 14:00:00,183,1.7538081622316641,77.80544183370084,215.63720909318266,0.7160445044799301,135.59451393087207,22.624642034548863,152.48339587452566,76.5315945112576
BOGIE-001,train_bogie,2024-01-08 15:00:00,184,2.8748538399734676,68.22715966537312,290.4543103002421,0.5548661886858454,200.59709201550916,26.50322716749329,173.9608937347592,88.34074720871847
BOGIE-001,train_bogie,2024-01-08 16:00:00,185,0.9945201042323399,86.28880462155234,307.1435336735998,0.6861083087883091,103.59858416377777,27.678243511170702,170.59405444949792,76.98518051788261
BOGIE-001,train_bogie,2024-01-08 17:00:00,186,1.9162987464136676,181.67220202150983,166.43094553032012,0.6781935880501456,188.28817030958234,21.48627202902011,196.23415226898567,86.3622049567973
BOGIE-001,train_bogie,2024-01-08 18:00:00,187,1.2125324655422054,62.685254772322104,196.18267627861783,0.8851663355494038,159.98115018869407,25.474876993625685,177.84960850092259,87.904191560741
BOGIE-001,train_bogie,2024-01-08 19:00:00,188,1.075974570530566,81.2798356615707,194.71056038903478,0.8097580244849268,189.80022495406067,21.602014652278594,136.67166398291755,76.57240696519273
BOGIE-001,train_bogie,2024-01-08 20:00:00,189,2.152851581428507,47.46739495814441,190.7349692301287,0.7391103539511543,112.19077728557083,29.801959818572744,177.13393504426764,77.24596055207809
BOGIE-001,train_bogie,2024-01-08 21:00:00,190,1.4998703290505475,39.55111428919109,242.35382435737665,0.6986586636315553,130.5050990234053,19.759992230203906,178.93578206868386,93.57109895882877
BOGIE-001,train_bogie,2024-01-08 22:00:00,191,1.831851254990468,73.88926763853229,213.85350286779808,0.7786655166582759,185.1690254634953,32.066122326210966,158.48306013344558,77.41920508986321
BOGIE-001,train_bogie,2024-01-08 23:00:00,192,1.425305262137848,79.94808180299655,187.63188380517846,0.7836177385491111,97.74758609888741,18.9479325415101,132.85649978932713,89.06551362727056
BOGIE-001,train_bogie,2024-01-09 00:00:00,193,1.6795579823580058,83.43098531296432,220.27572853987692,0.8439417681738135,110.75075474538332,19.73735650173276,169.7148711008912,74.4562750119594
BOGIE-001,train_bogie,2024-01-09 01:00:00,194,3.0605018698428457,66.94299848089904,204.9576617719096,0.6452719679701084,144.49377736997974,19.53578429444186,162.8886154679216,85.83615157141573
BOGIE-001,train_bogie,2024-01-09 02:00:00,195,1.6249661347606872,72.1835155456439,314.2712534024924,0.8364830590397995,166.93535166861056,24.061807617672,145.04193879531593,78.72327230198316
BOGIE-001,train_bogie,2024-01-09 03:00:00,196,1.839897368836647,50.63629404186667,310.2784465729766,0.7366419065305059,140.45220395599608,21.70899418647051,323.3394998782151,94.06165674947479
BOGIE-001,train_bogie,2024-01-09 04:00:00,197,2.75058332882766,69.34991026041412,662.3310747993892,0.5096140458296536,197.987370474643,25.162127512454216,150.20695251692203,89.12393455668612
BOGIE-001,train_bogie,2024-01-09 05:00:00,198,1.2396899540692212,79.3420047307347,235.0587945636096,0.7818850049667144,105.52378464707533,24.10082073172608,175.17689160079658,95.32454561690102
BOGIE-001,train_bogie,2024-01-09 06:00:00,199,1.2040492883047682,61.376598095161775,254.06125655655765,0.8234461650350627,177.31591540659323,28.067928323783125,162.67002018253683,79.18291192564239
BOGIE-001,train_bogie,2024-01-09 07:00:00,200,1.5939682948631078,83.50281648560994,290.304446438603,0.5137453816578738,107.14542864330626,17.456594287320737,195.96321242063132,90.16901074562875
